,zCMB_c,zCMB_p,zspecHelio_c,zspecHelio_p,logMassFSPS_c,logMassFSPS_p,logSSFRFSPS_c,logSSFRFSPS_p,ageFSPS_c,ageFSPS_p,kpc_c,kpc_p
0,0.18711992715059497,0.5042754002696446,0.1877518981291496,0.5028103986698138,-0.184119195143924,0.635350567509393,-0.23984886038745723,0.53420574535576,-0.05575186557607739,0.8867170101848298,-0.41257000115154907,0.26979386611780515
