,zCMB_c,zCMB_p,zspecHelio_c,zspecHelio_p,logMassFSPS_c,logMassFSPS_p,logSSFRFSPS_c,logSSFRFSPS_p,ageFSPS_c,ageFSPS_p,kpc_c,kpc_p
0,0.18711997504610534,0.5042752891658784,0.187751946018199,0.5028102877309517,-0.18411918612423822,0.6353505843662599,-0.23984887112748798,0.5342057264885636,-0.05575186529417113,0.886717010754672,-0.4125700147737944,0.26979384871200285
