,zCMB_c,zCMB_p,zspecHelio_c,zspecHelio_p,logMassFSPS_c,logMassFSPS_p,logSSFRFSPS_c,logSSFRFSPS_p,ageFSPS_c,ageFSPS_p,kpc_c,kpc_p
0,0.18711997504610534,0.5042752891658784,0.18775194601819895,0.5028102877309519,-0.1841191861242382,0.6353505843662599,-0.23984887112748798,0.5342057264885636,-0.05575186529417114,0.886717010754672,-0.4125700147737945,0.2697938487120028
