,zCMB_c,zCMB_p,zspecHelio_c,zspecHelio_p,logMassFSPS_c,logMassFSPS_p,logSSFRFSPS_c,logSSFRFSPS_p,ageFSPS_c,ageFSPS_p,kpc_c,kpc_p
0,0.029242118764069375,0.8803080607973562,0.02971961328032409,0.8783678466425262,-0.3512064985972412,0.07853176462958221,0.3562514285826653,0.07404627014545447,-0.38317248774519336,0.05333581301576908,-0.2233954825483423,0.2726358009676913
