,zCMB_c,zCMB_p,zspecHelio_c,zspecHelio_p,logMassFSPS_c,logMassFSPS_p,logSSFRFSPS_c,logSSFRFSPS_p,ageFSPS_c,ageFSPS_p,kpc_c,kpc_p
0,0.023759148984284453,0.9026329990218246,0.024236751369684173,0.9006852153771054,-0.3511450313457293,0.0785876624532546,0.35547080387282115,0.07472720859373815,-0.3811155390457398,0.05473732700887274,-0.22063538518888076,0.2787589101569764
