,zCMB_c,zCMB_p,zspecHelio_c,zspecHelio_p,logMassFSPS_c,logMassFSPS_p,logSSFRFSPS_c,logSSFRFSPS_p,ageFSPS_c,ageFSPS_p,kpc_c,kpc_p
0,0.02375914898428442,0.9026329990218246,0.024236751369684145,0.9006852153771054,-0.3511450313457293,0.0785876624532546,0.35547080387282115,0.07472720859373815,-0.38111553904573975,0.05473732700887277,-0.22063538518888073,0.2787589101569764
