,zCMB_c,zCMB_p,zspecHelio_c,zspecHelio_p,logMassFSPS_c,logMassFSPS_p,logSSFRFSPS_c,logSSFRFSPS_p,ageFSPS_c,ageFSPS_p,kpc_c,kpc_p
0,-0.42612898270155847,0.03786333648174975,-0.4255908826489957,0.03813250766367828,-0.3730871011721729,0.07255031869722887,0.11891822236335985,0.5799567076650473,-0.13517481980129403,0.5288463983538148,0.6437771946051073,0.0006878356807732205
