,zCMB_c,zCMB_p,zspecHelio_c,zspecHelio_p,logMassFSPS_c,logMassFSPS_p,logSSFRFSPS_c,logSSFRFSPS_p,ageFSPS_c,ageFSPS_p,kpc_c,kpc_p
0,-0.426128959981785,0.03786334781496028,-0.42559085992301127,0.03813251906363029,-0.37308710527026534,0.07255031530993727,0.11891822422633022,0.5799567016868592,-0.13517482529984937,0.5288463814347144,0.6437771879197492,0.0006878357979898803
