,zCMB_c,zCMB_p,zspecHelio_c,zspecHelio_p,logMassFSPS_c,logMassFSPS_p,logSSFRFSPS_c,logSSFRFSPS_p,ageFSPS_c,ageFSPS_p,kpc_c,kpc_p
0,-0.4261289599817851,0.037863347814960195,-0.4255908599230113,0.03813251906363028,-0.37308710527026545,0.07255031530993708,0.1189182242263302,0.5799567016868592,-0.13517482529984934,0.5288463814347144,0.6437771879197494,0.0006878357979898789
