,zCMB_c,zCMB_p,zspecHelio_c,zspecHelio_p,logMassFSPS_c,logMassFSPS_p,logSSFRFSPS_c,logSSFRFSPS_p,ageFSPS_c,ageFSPS_p,kpc_c,kpc_p
0,-0.12057243849115108,0.17348795810987147,-0.12033441915553221,0.1743447788716453,-0.16155854771813272,0.08593105679873354,0.14349751105934572,0.12772283247453795,-0.1447074459820124,0.12450832999864492,0.2321270512544583,0.012949001708128585
