,zCMB_c,zCMB_p,zspecHelio_c,zspecHelio_p,logMassFSPS_c,logMassFSPS_p,logSSFRFSPS_c,logSSFRFSPS_p,ageFSPS_c,ageFSPS_p,kpc_c,kpc_p
0,-0.12057243849115103,0.17348795810987147,-0.12033441915553214,0.17434477887164623,-0.1615585477181327,0.08593105679873354,0.1434975110593457,0.12772283247453795,-0.14470744598201238,0.12450832999864492,0.2321270512544583,0.012949001708128585
