,zCMB_c,zCMB_p,zspecHelio_c,zspecHelio_p,logMassFSPS_c,logMassFSPS_p,logSSFRFSPS_c,logSSFRFSPS_p,ageFSPS_c,ageFSPS_p,kpc_c,kpc_p
0,-0.11652131261047183,0.18849963722592653,-0.11628320952271248,0.18941051182618426,-0.1615083691341344,0.08602981165634992,0.14387718564842517,0.12670734669613626,-0.145767843825343,0.12174261981187917,0.2310973589656063,0.0133671139351651
