features,pW1_c_pew,pW1_p_pew,pW2_c_pew,pW2_p_pew,pW3_c_pew,pW3_p_pew,pW4_c_pew,pW4_p_pew,pW5_c_pew,pW5_p_pew,pW6_c_pew,pW6_p_pew,pW7_c_pew,pW7_p_pew,pW8_c_pew,pW8_p_pew
pW1,1.0,0.0,0.22678445293372093,0.017721440748496263,0.2987462790017551,0.0012437667410500318,0.2999424451955827,0.001696487097334111,0.28984315712578684,0.0032819621816010456,0.13431986953312075,0.19680329797213764,0.3380611588865833,0.0012758733599840485,,
pW2,0.22678445293372093,0.017721440748496263,1.0,0.0,0.3929860806920607,1.0729576302854906e-05,0.6332360491217546,8.815393989292203e-14,0.3337540067724619,0.0004717997961499709,0.4825193202126513,4.2449323077636184e-07,0.625308969434678,2.678319491835354e-11,0.4266968317474378,0.7193542812936541
pW3,0.2987462790017551,0.0012437667410500318,0.3929860806920607,1.0729576302854906e-05,1.0,0.0,0.6346837024159858,7.036780472650398e-15,0.585423636437333,1.2074839635649265e-11,0.5232516938657663,1.0233551579864164e-08,0.6069190716729348,2.7552510744336163e-11,-0.5866170410684192,0.6009187902318923
pW4,0.2999424451955827,0.001696487097334111,0.6332360491217546,8.815393989292203e-14,0.6346837024159858,7.036780472650398e-15,0.9999999999999999,0.0,0.552665108954848,3.8509541153169357e-10,0.5814510393564951,1.193412994333851e-10,0.7081456657441576,4.986466818179784e-16,0.7221767032195655,0.4862834807058434
pW5,0.28984315712578684,0.0032819621816010456,0.3337540067724619,0.0004717997961499709,0.585423636437333,1.2074839635649265e-11,0.552665108954848,3.8509541153169357e-10,1.0,0.0,0.40503599419366143,1.8202563507442893e-05,0.5468334480643454,5.6969753519866555e-09,0.9816083509012112,0.12228503964426873
pW6,0.13431986953312075,0.19680329797213764,0.4825193202126513,4.2449323077636184e-07,0.5232516938657663,1.0233551579864164e-08,0.5814510393564951,1.193412994333851e-10,0.40503599419366143,1.8202563507442893e-05,1.0,0.0,0.6703358696259508,1.4701265948642875e-13,-0.9957785896144387,0.058516292787630056
pW7,0.3380611588865833,0.0012758733599840485,0.625308969434678,2.678319491835354e-11,0.6069190716729348,2.7552510744336163e-11,0.7081456657441576,4.986466818179784e-16,0.5468334480643454,5.6969753519866555e-09,0.6703358696259508,1.4701265948642875e-13,1.0,0.0,0.9983636270172112,0.03642466037985377
pW8,,,0.4266968317474378,0.7193542812936541,-0.5866170410684192,0.6009187902318923,0.7221767032195655,0.4862834807058434,0.9816083509012112,0.12228503964426873,-0.9957785896144387,0.058516292787630056,0.9983636270172112,0.03642466037985377,1.0,0.0
