,zCMB_c,zCMB_p,zspecHelio_c,zspecHelio_p,logMassFSPS_c,logMassFSPS_p,logSSFRFSPS_c,logSSFRFSPS_p,ageFSPS_c,ageFSPS_p,kpc_c,kpc_p
0,-0.07204766886758579,0.7156094380550574,-0.0716988327943416,0.7169303743296478,-0.05235875533849931,0.7953512539677082,0.23839739104826163,0.23111421254006376,-0.1186147965261818,0.5556850946476878,-0.020645086679815718,0.9185903679110593
