,zCMB_c,zCMB_p,zspecHelio_c,zspecHelio_p,logMassFSPS_c,logMassFSPS_p,logSSFRFSPS_c,logSSFRFSPS_p,ageFSPS_c,ageFSPS_p,kpc_c,kpc_p
0,-0.06902555293635199,0.7270794843806649,-0.06867666995699677,0.7284073914971022,-0.0519964871230222,0.7967379544800091,0.23906312829633308,0.22977516098697645,-0.1194574071298728,0.5528607324283804,-0.020322546159051862,0.9198581847003056
